timestamp,event,value
2026-01-04 11:27:14,resume_analyzed,
2026-01-04 12:58:28,resume_analyzed,
2026-01-04 13:45:14,resume_analyzed,
2026-01-04 14:08:15,resume_analyzed,
2026-01-04 14:14:33,resume_analyzed,
2026-01-04 14:22:11,resume_analyzed,
2026-01-04 16:58:35,resume_analyzed,
2026-01-04 17:05:36,resume_analyzed,
2026-01-04 17:38:09,resume_analyzed,
2026-01-04 17:53:35,resume_analyzed,
2026-01-04 18:06:00,resume_analyzed,
2026-01-04 18:45:31,resume_analyzed,
2026-01-04 18:48:57,resume_analyzed,
2026-01-04 19:05:08,resume_analyzed,
2026-01-04 19:16:14,resume_analyzed,
2026-01-04 22:19:20,resume_analyzed,
2026-01-04 22:19:48,resume_analyzed,
2026-01-04 22:20:20,resume_analyzed,
